[
{
"flipbook_texture":"textures/blocks/auto_collector_activated_side",
"atlas_tile":"auto_collector_activated_side",
"ticks_per_frame":1
},
{
"flipbook_texture":"textures/blocks/nuclear_bomb_activated_side",
"atlas_tile":"nuclear_bomb_activated_side",
"ticks_per_frame":10
},
{
"flipbook_texture":"textures/blocks/nuclear_bomb_activated_top",
"atlas_tile":"nuclear_bomb_activated_top",
"ticks_per_frame":10
},
{
"flipbook_texture":"textures/blocks/quarry_activated_front",
"atlas_tile":"quarry_activated_front",
"ticks_per_frame":5
},
{
"flipbook_texture":"textures/blocks/solar_panel_activated_top",
"atlas_tile":"solar_panel_activated_top",
"ticks_per_frame":5
}
]