{
"resource_pack_name":"vanilla",
"texture_name":"atlas.items",
"texture_data":{
"battery":{
"textures":"textures/items/battery"
},
"coal_dust":{
"textures":"textures/items/coal_dust"
},
"copper_ingot":{
"textures":"textures/items/copper_ingot"
},
"diamond_gear":{
"textures":"textures/items/diamond_gear"
},
"discharged_battery":{
"textures":"textures/items/discharged_battery"
},
"eletronic_circuit":{
"textures":"textures/items/eletronic_circuit"
},
"gold_gear":{
"textures":"textures/items/gold_gear"
},
"hammer":{
"textures":"textures/items/hammer"
},
"iron_gear":{
"textures":"textures/items/iron_gear"
},
"steel_ingot":{
"textures":"textures/items/steel_ingot"
},
"steel_plate":{
"textures":"textures/items/steel_plate"
},
"tin_ingot":{
"textures":"textures/items/tin_ingot"
},
"uranium":{
"textures":"textures/items/uranium"
}
}
}