{
"resource_pack_name":"vanilla",
"texture_name":"atlas.terrain",
"padding":8,
"num_mip_levels":4,
"texture_data":{
"auto_collector_side":{
"textures":"textures/blocks/auto_collector_side"
},
"auto_collector_activated_side":{
"textures":"textures/blocks/auto_collector_activated_side"
},
"battery_block_0":{
"textures":"textures/blocks/battery_block_0"
},
"battery_block_1":{
"textures":"textures/blocks/battery_block_1"
},
"battery_block_2":{
"textures":"textures/blocks/battery_block_2"
},
"battery_block_3":{
"textures":"textures/blocks/battery_block_3"
},
"battery_block_4":{
"textures":"textures/blocks/battery_block_4"
},
"battery_block_5":{
"textures":"textures/blocks/battery_block_5"
},
"battery_block_6":{
"textures":"textures/blocks/battery_block_6"
},
"battery_block_7":{
"textures":"textures/blocks/battery_block_7"
},
"battery_block_8":{
"textures":"textures/blocks/battery_block_8"
},
"battery_block_9":{
"textures":"textures/blocks/battery_block_9"
},
"battery_block_10":{
"textures":"textures/blocks/battery_block_10"
},
"battery_box":{
"textures":"textures/blocks/battery_box"
},
"copper_block":{
"textures":"textures/blocks/copper_block"
},
"copper_ore":{
"textures":"textures/blocks/copper_ore"
},
"nuclear_bomb_side":{
"textures":"textures/blocks/nuclear_bomb_side"
},
"nuclear_bomb_top":{
"textures":"textures/blocks/nuclear_bomb_top"
},
"nuclear_bomb_activated_side":{
"textures":"textures/blocks/nuclear_bomb_activated_side"
},
"nuclear_bomb_activated_top":{
"textures":"textures/blocks/nuclear_bomb_activated_top"
},
"quarry_front":{
"textures":"textures/blocks/quarry_front"
},
"quarry_top":{
"textures":"textures/blocks/quarry_top"
},
"quarry_activated_front":{
"textures":"textures/blocks/quarry_activated_front"
},
"solar_panel_top":{
"textures":"textures/blocks/solar_panel_top"
},
"solar_panel_activated_top":{
"textures":"textures/blocks/solar_panel_activated_top"
},
"steel_block":{
"textures":"textures/blocks/steel_block"
},
"tin_block":{
"textures":"textures/blocks/tin_block"
},
"tin_ore":{
"textures":"textures/blocks/tin_ore"
},
"connectable_side":{
"textures":"textures/blocks/connectable_side"
},
"uranium_block_side":{
"textures":"textures/blocks/uranium_block_side"
},
"uranium_ore":{
"textures":"textures/blocks/uranium_ore"
}
}
}