{
"format_version":[1,1,0],
"af:auto_collector":{
"textures":{
"up":"steel_block",
"down":"steel_block",
"side":"auto_collector_side"
},
"sound":"metal"
},
"af:auto_collector_activated":{
"textures":{
"up":"steel_block",
"down":"steel_block",
"side":"auto_collector_activated_side"
},
"sound":"metal"
},
"af:battery_block_0":{
"textures":{
"up":"steel_block",
"down":"steel_block",
"side":"battery_block_0"
},
"sound":"metal"
},
"af:battery_block_1":{
"textures":{
"up":"steel_block",
"down":"steel_block",
"side":"battery_block_1"
},
"sound":"metal"
},
"af:battery_block_2":{
"textures":{
"up":"steel_block",
"down":"steel_block",
"side":"battery_block_2"
},
"sound":"metal"
},
"af:battery_block_3":{
"textures":{
"up":"steel_block",
"down":"steel_block",
"side":"battery_block_3"
},
"sound":"metal"
},
"af:battery_block_4":{
"textures":{
"up":"steel_block",
"down":"steel_block",
"side":"battery_block_4"
},
"sound":"metal"
},
"af:battery_block_5":{
"textures":{
"up":"steel_block",
"down":"steel_block",
"side":"battery_block_5"
},
"sound":"metal"
},
"af:battery_block_6":{
"textures":{
"up":"steel_block",
"down":"steel_block",
"side":"battery_block_6"
},
"sound":"metal"
},
"af:battery_block_7":{
"textures":{
"up":"steel_block",
"down":"steel_block",
"side":"battery_block_7"
},
"sound":"metal"
},
"af:battery_block_8":{
"textures":{
"up":"steel_block",
"down":"steel_block",
"side":"battery_block_8"
},
"sound":"metal"
},
"af:battery_block_9":{
"textures":{
"up":"steel_block",
"down":"steel_block",
"side":"battery_block_9"
},
"sound":"metal"
},
"af:battery_block_10":{
"textures":{
"up":"steel_block",
"down":"steel_block",
"side":"battery_block_10"
},
"sound":"metal"
},
"af:battery_box":{
"textures":"battery_box",
"sound":"metal"
},
"af:copper_block":{
"textures":"copper_block",
"sound":"metal"
},
"af:copper_ore":{
"textures":"copper_ore",
"sound":"stone"
},
"af:nuclear_bomb":{
"textures":{
"up":"nuclear_bomb_top",
"down":"steel_block",
"side":"nuclear_bomb_side"
},
"sound":"metal"
},
"af:nuclear_bomb_activated":{
"textures":{
"up":"nuclear_bomb_activated_top",
"down":"steel_block",
"side":"nuclear_bomb_activated_side"
},
"sound":"metal"
},
"af:quarry":{
"textures":{
"up":"quarry_top",
"down":"steel_block",
"north":"connectable_side",
"south":"quarry_front",
"west":"connectable_side",
"east":"connectable_side"
},
"sound":"metal"
},
"af:quarry_activated":{
"textures":{
"up":"quarry_top",
"down":"steel_block",
"north":"connectable_side",
"south":"quarry_activated_front",
"west":"connectable_side",
"east":"connectable_side"
},
"sound":"metal"
},
"af:solar_panel":{
"textures":{
"up":"solar_panel_top",
"down":"steel_block",
"side":"connectable_side"
},
"sound":"metal"
},
"af:solar_panel_activated":{
"textures":{
"up":"solar_panel_activated_top",
"down":"steel_block",
"side":"connectable_side"
},
"sound":"metal"
},
"af:steel_block":{
"textures":"steel_block",
"sound":"metal"
},
"af:tin_block":{
"textures":"tin_block",
"sound":"metal"
},
"af:tin_ore":{
"textures":"tin_ore",
"sound":"stone"
},
"af:uranium_block":{
"textures":{
"up":"steel_block",
"down":"steel_block",
"side":"uranium_block_side"
},
"sound":"metal"
},
"af:uranium_ore":{
"textures":"uranium_ore",
"sound":"stone"
}
}