{
"format_version":"1.12.0",
"minecraft:geometry":[
{
"description":{
"identifier":"geometry.quarry_delimiter",
"texture_width":1088,
"texture_height":1088,
"visible_bounds_width":18,
"visible_bounds_height":4,
"visible_bounds_offset":[0,0,0]
},
"bones":[
{
"name":"bone",
"pivot":[0,38,0],
"cubes":[
{"origin":[-129,7,-127],"size":[2,2,254],"uv":[512,768]},
{"origin":[-1,7,-255],"size":[2,2,254],"pivot":[0,8,-128],"rotation":[0,-90,0],"uv":[0,768]},
{"origin":[127,7,-127],"size":[2,2,254],"uv":[512,512]},
{"origin":[-1,7,1],"size":[2,2,254],"pivot":[0,8,128],"rotation":[0,-90,0],"uv":[0,512]},
{"origin":[-129,7,-129],"size":[2,62,2],"uv":[24,1024]},
{"origin":[127,7,-129],"size":[2,62,2],"uv":[16,1024]},
{"origin":[127,7,127],"size":[2,62,2],"uv":[8,1024]},
{"origin":[-129,7,127],"size":[2,62,2],"uv":[0,1024]},
{"origin":[-129,67,-127],"size":[2,2,254],"uv":[512,256]},
{"origin":[-1,67,-255],"size":[2,2,254],"pivot":[0,68,-128],"rotation":[0,-90,0],"uv":[0,256]},
{"origin":[127,67,-127],"size":[2,2,254],"uv":[512,0]},
{"origin":[-1,67,1],"size":[2,2,254],"pivot":[0,68,128],"rotation":[0,-90,0],"uv":[0,0]}
]
}
]
}
]
}