{
"format_version":"1.12.0",
"minecraft:geometry":[
{
"description":{
"identifier":"geometry.quarry_body",
"texture_width":2048,
"texture_height":2048,
"visible_bounds_width":25,
"visible_bounds_height":8,
"visible_bounds_offset":[0,0,0]
},
"bones":[
{
"name":"bone",
"pivot":[0,40,0],
"cubes":[
{"origin":[124,4,-124],"size":[8,8,248],"uv":[512,768]},
{"origin":[-4,4,4],"size":[8,8,248],"pivot":[0,8,128],"rotation":[0,-90,0],"uv":[0,768]},
{"origin":[-132,4,-124],"size":[8,8,248],"uv":[512,512]},
{"origin":[-4,4,-252],"size":[8,8,248],"pivot":[0,8,-128],"rotation":[0,-90,0],"uv":[0,512]},
{"origin":[124,4,124],"size":[8,72,8],"uv":[96,1024]},
{"origin":[-132,4,-132],"size":[8,72,8],"uv":[64,1024]},
{"origin":[-132,4,124],"size":[8,72,8],"uv":[32,1024]},
{"origin":[124,4,-132],"size":[8,72,8],"uv":[0,1024]},
{"origin":[124,68,-124],"size":[8,8,248],"uv":[512,256]},
{"origin":[-4,68,4],"size":[8,8,248],"pivot":[0,72,128],"rotation":[0,-90,0],"uv":[0,256]},
{"origin":[-132,68,-124],"size":[8,8,248],"uv":[512,0]},
{"origin":[-4,68,-252],"size":[8,8,248],"pivot":[0,72,-128],"rotation":[0,-90,0],"uv":[0,0]}
]
}
]
}
]
}