{
"format_version":"1.13.0",
"minecraft:entity":{
"description":{
"identifier":"af:auto_collector",
"runtime_identifier":"minecraft:thrown_trident",
"is_spawnable":false,
"is_summonable":true,
"is_experimental":false,
"scripts":{
"animate":[
"auto_collector"
]
},
"animations":{
"auto_collector":"controller.animation.auto_collector"
}
},
"components":{
"minecraft:physics":{
"has_collision":false,
"has_gravity":false
},
"minecraft:pushable":{
"is_pushable":false,
"is_pushable_by_piston":false
},
"minecraft:persistent":{
}
}
}
}