{
"format_version":"1.13.0",
"minecraft:entity":{
"description":{
"identifier":"af:deposit_chest",
"runtime_identifier":"minecraft:ender_crystal",
"is_spawnable":false,
"is_summonable":true,
"is_experimental":false,
"scripts":{
"animate":[
"deposit_chest"
]
},
"animations":{
"deposit_chest":"controller.animation.deposit_chest"
}
},
"components":{
"minecraft:physics":{
"has_collision":false,
"has_gravity":false
},
"minecraft:pushable":{
"is_pushable":false,
"is_pushable_by_piston":false
},
"minecraft:persistent":{
},
"minecraft:nameable":{
},
"minecraft:collision_box":{
"width":0.75,
"height":1.0
},
"minecraft:inventory":{
"container_type":"minecart_chest",
"inventory_size":27,
"can_be_siphoned_from":true
},
"minecraft:item_hopper":{
},
"minecraft:is_stackable":{
}
}
}
}