{
"format_version":"1.13.0",
"minecraft:entity":{
"description":{
"identifier":"af:solar_panel",
"runtime_identifier":"minecraft:thrown_trident",
"is_spawnable":false,
"is_summonable":true,
"is_experimental":false,
"scripts":{
"animate":[
"solar_panel"
]
},
"animations":{
"solar_panel":"controller.animation.solar_panel"
}
},
"component_groups":{
"minecraft:normal":{
"minecraft:mark_variant":{
"value":0
},
"minecraft:environment_sensor":{
"triggers":{
"filters":{
"test":"is_daytime",
"subject":"self",
"value":true
},
"event":"minecraft:event_loading"
}
}
},
"minecraft:loading":{
"minecraft:mark_variant":{
"value":1
},
"minecraft:environment_sensor":{
"triggers":{
"filters":{
"test":"is_daytime",
"subject":"self",
"value":false
},
"event":"minecraft:event_normal"
}
}
}
},
"components":{
"minecraft:physics":{
"has_collision":false,
"has_gravity":false
},
"minecraft:pushable":{
"is_pushable":false,
"is_pushable_by_piston":false
},
"minecraft:persistent":{
}
},
"events":{
"minecraft:entity_spawned":{
"add":{
"component_groups":[
"minecraft:normal"
]
}
},
"minecraft:event_loading":{
"remove":{
"component_groups":[
"minecraft:normal"
]
},
"add":{
"component_groups":[
"minecraft:loading"
]
}
},
"minecraft:event_normal":{
"remove":{
"component_groups":[
"minecraft:loading"
]
},
"add":{
"component_groups":[
"minecraft:normal"
]
}
}
}
}
}