{
"format_version":"1.13.0",
"minecraft:feature_rules":{
"description":{
"identifier":"overworld_underground_copper_ore_feature",
"places_feature":"copper_ore_feature"
},
"conditions":{
"placement_pass":"underground_pass",
"minecraft:biome_filter":[
{
"any_of":[
{
"test":"has_biome_tag",
"operator":"==",
"value":"overworld"
},
{
"test":"has_biome_tag",
"operator":"==",
"value":"overworld_generation"
}
]
}
]
},
"distribution":{
"iterations":8,
"coordinate_eval_order":"zyx",
"x":{
"distribution":"uniform",
"extent":[0,16]
},
"y":{
"distribution":"uniform",
"extent":[20,70]
},
"z":{
"distribution":"uniform",
"extent":[0,16]
}
}
}
}